Name,Score
Tarun Kayat,46.44
Shivam Gour,46.0099983215332
Moksh ,28.420000076293945
